[{"model": "contenttypes.contenttype", "pk": 1, "fields": {"app_label": "admin", "model": "logentry"}}, {"model": "contenttypes.contenttype", "pk": 2, "fields": {"app_label": "auth", "model": "permission"}}, {"model": "contenttypes.contenttype", "pk": 3, "fields": {"app_label": "auth", "model": "group"}}, {"model": "contenttypes.contenttype", "pk": 4, "fields": {"app_label": "auth", "model": "user"}}, {"model": "contenttypes.contenttype", "pk": 5, "fields": {"app_label": "contenttypes", "model": "contenttype"}}, {"model": "contenttypes.contenttype", "pk": 6, "fields": {"app_label": "sessions", "model": "session"}}, {"model": "contenttypes.contenttype", "pk": 7, "fields": {"app_label": "accounts", "model": "profile"}}, {"model": "contenttypes.contenttype", "pk": 8, "fields": {"app_label": "players", "model": "club"}}, {"model": "contenttypes.contenttype", "pk": 9, "fields": {"app_label": "players", "model": "event"}}, {"model": "contenttypes.contenttype", "pk": 10, "fields": {"app_label": "players", "model": "game"}}, {"model": "contenttypes.contenttype", "pk": 11, "fields": {"app_label": "players", "model": "player"}}, {"model": "contenttypes.contenttype", "pk": 12, "fields": {"app_label": "players", "model": "team"}}, {"model": "contenttypes.contenttype", "pk": 13, "fields": {"app_label": "players", "model": "result"}}, {"model": "contenttypes.contenttype", "pk": 14, "fields": {"app_label": "players", "model": "tour"}}, {"model": "contenttypes.contenttype", "pk": 15, "fields": {"app_label": "freeze_and_count", "model": "freeze"}}, {"model": "sessions.session", "pk": "54vifjdvvmq63fvlqiwemdkkkq4s2wfm", "fields": {"session_data": "MjIyODI2ZTU4Mzk5OWIyZWJjMWJlNjc4ODNjMmI1NDcyNDAyMjQ0Mjp7Il9hdXRoX3VzZXJfaWQiOiIxIiwiX2F1dGhfdXNlcl9iYWNrZW5kIjoiZGphbmdvLmNvbnRyaWIuYXV0aC5iYWNrZW5kcy5Nb2RlbEJhY2tlbmQiLCJfYXV0aF91c2VyX2hhc2giOiIwOGRjMDZmN2I1ZDBmYjJhMzJiNzg3YmZiODk1MzJlMzRiMDI2ZWNhIn0=", "expire_date": "2019-02-15T06:48:03.269Z"}}, {"model": "players.tour", "pk": 11, "fields": {"season": 2019, "number": 1, "start_time": "2019-02-01T12:00:00Z", "supposed_end_time": "2019-02-01T18:00:00Z", "end_time": null}}, {"model": "players.tour", "pk": 12, "fields": {"season": 2019, "number": 2, "start_time": "2019-02-01T19:20:00Z", "supposed_end_time": "2019-02-01T20:00:00Z", "end_time": null}}, {"model": "players.tour", "pk": 13, "fields": {"season": 2019, "number": 3, "start_time": "2019-02-02T06:31:59Z", "supposed_end_time": "2019-02-02T12:00:00Z", "end_time": null}}, {"model": "players.tour", "pk": 14, "fields": {"season": 2019, "number": 4, "start_time": "2019-02-04T06:32:35Z", "supposed_end_time": "2019-02-04T12:00:00Z", "end_time": null}}, {"model": "players.club", "pk": 1, "fields": {"name": "\u0414\u0438\u043d\u0430\u043c\u043e"}}, {"model": "players.club", "pk": 2, "fields": {"name": "\u0421\u043f\u0430\u0440\u0442\u0430\u043a"}}, {"model": "players.club", "pk": 3, "fields": {"name": "\u0410\u043d\u0436\u0438"}}, {"model": "players.club", "pk": 4, "fields": {"name": "\u0419\u043e\u0443"}}, {"model": "players.player", "pk": 1, "fields": {"club": 1, "surname": "\u0420\u0443\u043c\u044f\u043d\u0446\u0435\u0432", "name": "\u0410\u043b\u0435\u043a\u0441\u0430\u043d\u0434\u0440", "position": "GK", "price": 2000000}}, {"model": "players.player", "pk": 2, "fields": {"club": 1, "surname": "\u0413\u0440\u0438\u0433\u043e\u0440\u044c\u0435\u0432", "name": "\u0418\u0433\u043e\u0440\u044c", "position": "DE", "price": 2000000}}, {"model": "players.player", "pk": 3, "fields": {"club": 1, "surname": "\u0418\u0432\u0430\u043d\u043e\u0432", "name": "\u0418\u0432\u0430\u043d", "position": "DE", "price": 3000000}}, {"model": "players.player", "pk": 4, "fields": {"club": 1, "surname": "\u0423\u043b\u044e\u043a\u0430\u0435\u0432", "name": "\u0421\u0435\u0440\u0433\u0435\u0439", "position": "MF", "price": 500000}}, {"model": "players.player", "pk": 5, "fields": {"club": 1, "surname": "\u0423\u044e\u0435\u0432", "name": "\u0421\u0435\u0440\u0433\u0435\u0439", "position": "MF", "price": 500000}}, {"model": "players.player", "pk": 6, "fields": {"club": 1, "surname": "\u0422\u0438\u043c\u0431\u0435\u0440\u043b\u0435\u0439\u043a", "name": "\u0414\u0436\u0430\u0441\u0442\u0438\u043d", "position": "FW", "price": 1000000}}, {"model": "players.player", "pk": 7, "fields": {"club": 1, "surname": "\u041b\u0438\u043c\u0431\u043e", "name": "\u041a\u0430\u0440\u043b\u0443\u043d\u0433\u043e", "position": "FW", "price": 1000000}}, {"model": "players.player", "pk": 8, "fields": {"club": 2, "surname": "\u0412\u0435\u043d\u0438\u0430\u043c\u0438\u043d\u043e\u0432", "name": "\u042e\u0440\u0438\u0439", "position": "GK", "price": 500000}}, {"model": "players.player", "pk": 9, "fields": {"club": 2, "surname": "\u0420\u044f\u0437\u0430\u043d\u043e\u0432", "name": "\u0410\u0440\u043a\u0430\u0434\u0438\u0439", "position": "DE", "price": 700000}}, {"model": "players.player", "pk": 10, "fields": {"club": 2, "surname": "\u041d\u0438\u0433\u0435\u0440", "name": "\u041e\u0445\u043c\u0443\u043d\u0434", "position": "DE", "price": 800000}}, {"model": "players.player", "pk": 11, "fields": {"club": 2, "surname": "\u041c\u0435\u0442\u0435\u043e\u0440\u043e\u0432", "name": "\u0420\u0430\u0448\u0438\u0434", "position": "MF", "price": 400000}}, {"model": "players.player", "pk": 12, "fields": {"club": 2, "surname": "\u041a\u0440\u044b\u043b\u043e\u0432", "name": "\u0421\u0435\u043c\u0451\u043d", "position": "MF", "price": 400000}}, {"model": "players.player", "pk": 13, "fields": {"club": 2, "surname": "\u0421\u0435\u0440\u0433\u0435\u0435\u0432", "name": "\u0410\u043b\u0435\u043a\u0441\u0435\u0439", "position": "FW", "price": 1000000}}, {"model": "players.player", "pk": 14, "fields": {"club": 2, "surname": "\u0412\u0438\u0440\u0448\u0430\u0435\u0432", "name": "\u0412\u0438\u0442\u0430\u043b\u0438\u0439", "position": "FW", "price": 600000}}, {"model": "players.player", "pk": 15, "fields": {"club": 3, "surname": "\u041c\u0430\u0440\u0430\u0437\u0431\u0430\u0435\u0432", "name": "\u0421\u0443\u0433\u0443\u043d\u0431\u0435\u043a", "position": "GK", "price": 300000}}, {"model": "players.player", "pk": 16, "fields": {"club": 3, "surname": "\u0414\u0436\u0430\u043d\u0431\u0430\u0435\u0432", "name": "\u0420\u0430\u0441\u0443\u043b", "position": "DE", "price": 600000}}, {"model": "players.player", "pk": 17, "fields": {"club": 3, "surname": "\u0413\u0430\u0440\u0434\u0436\u0430\u0431\u0438\u0434\u0436\u0430\u0435\u0432", "name": "\u041c\u0438\u0440\u043a\u0430\u043c\u0431\u0443\u043b", "position": "DE", "price": 200000}}, {"model": "players.player", "pk": 18, "fields": {"club": 3, "surname": "\u041a\u0430\u0440\u0430\u0434\u0436\u0430\u0435\u0432", "name": "\u0411\u0440\u0430\u0445\u0431\u0443\u043b", "position": "MF", "price": 700000}}, {"model": "players.player", "pk": 19, "fields": {"club": 3, "surname": "\u0411\u0436\u0430\u0431\u0436\u0430\u0431\u0436\u0430\u0435\u0432", "name": "\u041c\u0432\u0430\u0437\u0433\u0435\u043d", "position": "MF", "price": 900000}}, {"model": "players.player", "pk": 20, "fields": {"club": 3, "surname": "\u041a\u0430\u0440\u043b\u0443\u043d \u041e\u0433\u043b\u044b", "name": "\u041a\u0443\u0440\u0443\u0433\u0430\u043d", "position": "FW", "price": 1500000}}, {"model": "players.player", "pk": 21, "fields": {"club": 3, "surname": "\u041a\u043e\u0440\u043e\u0434\u0436\u043e\u0435\u0432", "name": "\u0413\u043e\u0440\u0430\u0439", "position": "FW", "price": 1200000}}, {"model": "players.player", "pk": 22, "fields": {"club": 4, "surname": "\u0418\u043b\u044c\u0438\u043d", "name": "\u0410\u043b\u0435\u043a\u0441\u0430\u043d\u0434\u0440", "position": "GK", "price": 1700000}}, {"model": "players.player", "pk": 23, "fields": {"club": 4, "surname": "\u0421\u0438\u0432\u043e\u043f\u043b\u044f\u0441", "name": "\u0421\u0435\u0440\u0435\u0436\u0430", "position": "DE", "price": 1400000}}, {"model": "players.player", "pk": 24, "fields": {"club": 4, "surname": "\u041f\u0438\u0442\u0442", "name": "\u0411\u0440\u044d\u0434", "position": "DE", "price": 1200000}}, {"model": "players.player", "pk": 25, "fields": {"club": 4, "surname": "\u0425\u0440\u0438\u0441\u0442\u043e\u0441", "name": "\u0418\u0438\u0441\u0443\u0441", "position": "MF", "price": 900000}}, {"model": "players.player", "pk": 26, "fields": {"club": 4, "surname": "\u0411\u043e\u043d\u043e", "name": "\u0418\u0437 \u042e \u0422\u0443", "position": "MF", "price": 1100000}}, {"model": "players.player", "pk": 27, "fields": {"club": 4, "surname": "\u0410\u043b\u043b\u0430\u0445", "name": "\u041c\u043e\u0445\u0430\u043c\u0435\u0434", "position": "FW", "price": 1700000}}, {"model": "players.player", "pk": 28, "fields": {"club": 4, "surname": "\u041f\u0443\u0442\u0438\u043d", "name": "\u0412\u043b\u0430\u0434\u0438\u043c\u0438\u0440", "position": "FW", "price": 1300000}}, {"model": "players.game", "pk": 1, "fields": {"tour_number": 11, "game": 1, "home_team": 1, "guest_team": 2}}, {"model": "players.game", "pk": 2, "fields": {"tour_number": 11, "game": 2, "home_team": 1, "guest_team": 2}}, {"model": "players.game", "pk": 3, "fields": {"tour_number": 11, "game": 1, "home_team": 3, "guest_team": 4}}, {"model": "players.game", "pk": 4, "fields": {"tour_number": 11, "game": 2, "home_team": 3, "guest_team": 4}}, {"model": "players.event", "pk": 1, "fields": {"match_id": 1, "kind": "Goal_Game", "player_id": 6}}, {"model": "players.event", "pk": 2, "fields": {"match_id": 1, "kind": "Goal_Free_Kick", "player_id": 5}}, {"model": "players.event", "pk": 3, "fields": {"match_id": 1, "kind": "Goal_Game", "player_id": 10}}, {"model": "players.event", "pk": 4, "fields": {"match_id": 1, "kind": "Yellow_Card", "player_id": 6}}, {"model": "players.event", "pk": 5, "fields": {"match_id": 1, "kind": "Yellow_Card", "player_id": 13}}, {"model": "players.event", "pk": 6, "fields": {"match_id": 2, "kind": "Goal_Game", "player_id": 7}}, {"model": "players.event", "pk": 7, "fields": {"match_id": 2, "kind": "Goal_Game", "player_id": 11}}, {"model": "players.event", "pk": 8, "fields": {"match_id": 2, "kind": "Goal_Penalty", "player_id": 7}}, {"model": "players.event", "pk": 9, "fields": {"match_id": 2, "kind": "Red_Card", "player_id": 12}}, {"model": "players.event", "pk": 10, "fields": {"match_id": 2, "kind": "Green_Card", "player_id": 6}}, {"model": "players.event", "pk": 11, "fields": {"match_id": 3, "kind": "Goal_Game", "player_id": 26}}, {"model": "players.event", "pk": 12, "fields": {"match_id": 3, "kind": "Goal_Game", "player_id": 28}}, {"model": "players.event", "pk": 13, "fields": {"match_id": 3, "kind": "Green_Card", "player_id": 19}}, {"model": "players.event", "pk": 14, "fields": {"match_id": 4, "kind": "Goal_Game", "player_id": 21}}, {"model": "players.event", "pk": 15, "fields": {"match_id": 4, "kind": "Red_Card", "player_id": 18}}, {"model": "players.team", "pk": 1, "fields": {"user_id": 1, "player_id": 4, "tour_number_start": null, "tour_number_end": null}}, {"model": "players.team", "pk": 3, "fields": {"user_id": 1, "player_id": 8, "tour_number_start": null, "tour_number_end": null}}, {"model": "players.team", "pk": 5, "fields": {"user_id": 1, "player_id": 23, "tour_number_start": null, "tour_number_end": null}}, {"model": "players.team", "pk": 6, "fields": {"user_id": 1, "player_id": 28, "tour_number_start": null, "tour_number_end": null}}, {"model": "players.team", "pk": 7, "fields": {"user_id": 1, "player_id": 9, "tour_number_start": null, "tour_number_end": null}}, {"model": "players.team", "pk": 8, "fields": {"user_id": 1, "player_id": 7, "tour_number_start": null, "tour_number_end": null}}, {"model": "players.team", "pk": 9, "fields": {"user_id": 1, "player_id": 18, "tour_number_start": null, "tour_number_end": null}}, {"model": "players.team", "pk": 10, "fields": {"user_id": 1, "player_id": 19, "tour_number_start": null, "tour_number_end": null}}, {"model": "players.team", "pk": 11, "fields": {"user_id": 2, "player_id": 28, "tour_number_start": null, "tour_number_end": null}}, {"model": "players.team", "pk": 12, "fields": {"user_id": 2, "player_id": 27, "tour_number_start": null, "tour_number_end": null}}, {"model": "players.team", "pk": 14, "fields": {"user_id": 2, "player_id": 16, "tour_number_start": null, "tour_number_end": null}}, {"model": "players.team", "pk": 15, "fields": {"user_id": 2, "player_id": 17, "tour_number_start": null, "tour_number_end": null}}, {"model": "players.team", "pk": 16, "fields": {"user_id": 2, "player_id": 11, "tour_number_start": null, "tour_number_end": null}}, {"model": "players.team", "pk": 18, "fields": {"user_id": 2, "player_id": 4, "tour_number_start": null, "tour_number_end": null}}, {"model": "players.team", "pk": 20, "fields": {"user_id": 2, "player_id": 5, "tour_number_start": null, "tour_number_end": null}}, {"model": "players.team", "pk": 21, "fields": {"user_id": 2, "player_id": 8, "tour_number_start": null, "tour_number_end": null}}, {"model": "freeze_and_count.freeze", "pk": 1, "fields": {"start_time": "2019-01-31T10:17:33Z", "end_time": "2019-01-31T10:19:06.113Z"}}, {"model": "auth.permission", "pk": 1, "fields": {"name": "Can add log entry", "content_type": 1, "codename": "add_logentry"}}, {"model": "auth.permission", "pk": 2, "fields": {"name": "Can change log entry", "content_type": 1, "codename": "change_logentry"}}, {"model": "auth.permission", "pk": 3, "fields": {"name": "Can delete log entry", "content_type": 1, "codename": "delete_logentry"}}, {"model": "auth.permission", "pk": 4, "fields": {"name": "Can add permission", "content_type": 2, "codename": "add_permission"}}, {"model": "auth.permission", "pk": 5, "fields": {"name": "Can change permission", "content_type": 2, "codename": "change_permission"}}, {"model": "auth.permission", "pk": 6, "fields": {"name": "Can delete permission", "content_type": 2, "codename": "delete_permission"}}, {"model": "auth.permission", "pk": 7, "fields": {"name": "Can add group", "content_type": 3, "codename": "add_group"}}, {"model": "auth.permission", "pk": 8, "fields": {"name": "Can change group", "content_type": 3, "codename": "change_group"}}, {"model": "auth.permission", "pk": 9, "fields": {"name": "Can delete group", "content_type": 3, "codename": "delete_group"}}, {"model": "auth.permission", "pk": 10, "fields": {"name": "Can add user", "content_type": 4, "codename": "add_user"}}, {"model": "auth.permission", "pk": 11, "fields": {"name": "Can change user", "content_type": 4, "codename": "change_user"}}, {"model": "auth.permission", "pk": 12, "fields": {"name": "Can delete user", "content_type": 4, "codename": "delete_user"}}, {"model": "auth.permission", "pk": 13, "fields": {"name": "Can add content type", "content_type": 5, "codename": "add_contenttype"}}, {"model": "auth.permission", "pk": 14, "fields": {"name": "Can change content type", "content_type": 5, "codename": "change_contenttype"}}, {"model": "auth.permission", "pk": 15, "fields": {"name": "Can delete content type", "content_type": 5, "codename": "delete_contenttype"}}, {"model": "auth.permission", "pk": 16, "fields": {"name": "Can add session", "content_type": 6, "codename": "add_session"}}, {"model": "auth.permission", "pk": 17, "fields": {"name": "Can change session", "content_type": 6, "codename": "change_session"}}, {"model": "auth.permission", "pk": 18, "fields": {"name": "Can delete session", "content_type": 6, "codename": "delete_session"}}, {"model": "auth.permission", "pk": 19, "fields": {"name": "Can add profile", "content_type": 7, "codename": "add_profile"}}, {"model": "auth.permission", "pk": 20, "fields": {"name": "Can change profile", "content_type": 7, "codename": "change_profile"}}, {"model": "auth.permission", "pk": 21, "fields": {"name": "Can delete profile", "content_type": 7, "codename": "delete_profile"}}, {"model": "auth.permission", "pk": 22, "fields": {"name": "Can add club", "content_type": 8, "codename": "add_club"}}, {"model": "auth.permission", "pk": 23, "fields": {"name": "Can change club", "content_type": 8, "codename": "change_club"}}, {"model": "auth.permission", "pk": 24, "fields": {"name": "Can delete club", "content_type": 8, "codename": "delete_club"}}, {"model": "auth.permission", "pk": 25, "fields": {"name": "Can add event", "content_type": 9, "codename": "add_event"}}, {"model": "auth.permission", "pk": 26, "fields": {"name": "Can change event", "content_type": 9, "codename": "change_event"}}, {"model": "auth.permission", "pk": 27, "fields": {"name": "Can delete event", "content_type": 9, "codename": "delete_event"}}, {"model": "auth.permission", "pk": 28, "fields": {"name": "Can add game", "content_type": 10, "codename": "add_game"}}, {"model": "auth.permission", "pk": 29, "fields": {"name": "Can change game", "content_type": 10, "codename": "change_game"}}, {"model": "auth.permission", "pk": 30, "fields": {"name": "Can delete game", "content_type": 10, "codename": "delete_game"}}, {"model": "auth.permission", "pk": 31, "fields": {"name": "Can add player", "content_type": 11, "codename": "add_player"}}, {"model": "auth.permission", "pk": 32, "fields": {"name": "Can change player", "content_type": 11, "codename": "change_player"}}, {"model": "auth.permission", "pk": 33, "fields": {"name": "Can delete player", "content_type": 11, "codename": "delete_player"}}, {"model": "auth.permission", "pk": 34, "fields": {"name": "Can add team", "content_type": 12, "codename": "add_team"}}, {"model": "auth.permission", "pk": 35, "fields": {"name": "Can change team", "content_type": 12, "codename": "change_team"}}, {"model": "auth.permission", "pk": 36, "fields": {"name": "Can delete team", "content_type": 12, "codename": "delete_team"}}, {"model": "auth.permission", "pk": 37, "fields": {"name": "Can add result", "content_type": 13, "codename": "add_result"}}, {"model": "auth.permission", "pk": 38, "fields": {"name": "Can change result", "content_type": 13, "codename": "change_result"}}, {"model": "auth.permission", "pk": 39, "fields": {"name": "Can delete result", "content_type": 13, "codename": "delete_result"}}, {"model": "auth.permission", "pk": 40, "fields": {"name": "Can add tour", "content_type": 14, "codename": "add_tour"}}, {"model": "auth.permission", "pk": 41, "fields": {"name": "Can change tour", "content_type": 14, "codename": "change_tour"}}, {"model": "auth.permission", "pk": 42, "fields": {"name": "Can delete tour", "content_type": 14, "codename": "delete_tour"}}, {"model": "auth.permission", "pk": 43, "fields": {"name": "Can add freeze", "content_type": 15, "codename": "add_freeze"}}, {"model": "auth.permission", "pk": 44, "fields": {"name": "Can change freeze", "content_type": 15, "codename": "change_freeze"}}, {"model": "auth.permission", "pk": 45, "fields": {"name": "Can delete freeze", "content_type": 15, "codename": "delete_freeze"}}, {"model": "auth.user", "pk": 1, "fields": {"password": "pbkdf2_sha256$36000$g7XMD2iolNP8$EFu8sbISiXtI1VJt/pgUK6E1xl+KwwppDmNuKEi8hwE=", "last_login": "2019-02-01T06:48:03.036Z", "is_superuser": true, "username": "admin", "first_name": "", "last_name": "", "email": "alexander.s.ilyin@gmail.com", "is_staff": true, "is_active": true, "date_joined": "2019-01-31T10:08:31.418Z", "groups": [], "user_permissions": []}}, {"model": "auth.user", "pk": 2, "fields": {"password": "pbkdf2_sha256$36000$gdTZzABl6BZB$5Og2f7Q/6bxTGBDji3PH7yI2EVCjDz3VF135nMvWAiU=", "last_login": "2019-02-01T06:43:03.431Z", "is_superuser": false, "username": "jjoskey", "first_name": "", "last_name": "", "email": "alexander.s.ilyin@gmail.com", "is_staff": false, "is_active": true, "date_joined": "2019-02-01T06:41:41.561Z", "groups": [], "user_permissions": []}}, {"model": "auth.user", "pk": 3, "fields": {"password": "pbkdf2_sha256$36000$HLWDRloXlqIu$7/yT0TBhOmbxQpwHa5yM2d3hAS19lQuWVVpvkDWrXsA=", "last_login": null, "is_superuser": false, "username": "123", "first_name": "", "last_name": "", "email": "alexander.s.ilyin@gmail.com", "is_staff": false, "is_active": true, "date_joined": "2019-02-01T06:41:55.176Z", "groups": [], "user_permissions": []}}, {"model": "accounts.profile", "pk": 1, "fields": {"team_name": "Lohi", "budget": 0, "changes_count": 0, "refresh_changes": false, "points": 0}}, {"model": "accounts.profile", "pk": 2, "fields": {"team_name": "Pidorasi", "budget": 1300000, "changes_count": 0, "refresh_changes": false, "points": 0}}, {"model": "accounts.profile", "pk": 3, "fields": {"team_name": null, "budget": 7000000, "changes_count": 0, "refresh_changes": false, "points": 0}}, {"model": "admin.logentry", "pk": 1, "fields": {"action_time": "2019-01-31T10:17:16.375Z", "user": 1, "content_type": 14, "object_id": "1", "object_repr": "1", "action_flag": 1, "change_message": "[{\"added\": {}}]"}}, {"model": "admin.logentry", "pk": 2, "fields": {"action_time": "2019-01-31T10:17:23.678Z", "user": 1, "content_type": 14, "object_id": "1", "object_repr": "1", "action_flag": 3, "change_message": ""}}, {"model": "admin.logentry", "pk": 3, "fields": {"action_time": "2019-01-31T10:17:34.630Z", "user": 1, "content_type": 15, "object_id": "1", "object_repr": "\u041d\u0430\u0447\u043d\u0451\u0442\u0441\u044f 2019-01-31 10:17:33+00:00", "action_flag": 1, "change_message": "[{\"added\": {}}]"}}, {"model": "admin.logentry", "pk": 4, "fields": {"action_time": "2019-01-31T12:59:03.271Z", "user": 1, "content_type": 14, "object_id": "2", "object_repr": "1", "action_flag": 1, "change_message": "[{\"added\": {}}]"}}, {"model": "admin.logentry", "pk": 5, "fields": {"action_time": "2019-01-31T12:59:36.072Z", "user": 1, "content_type": 14, "object_id": "3", "object_repr": "2", "action_flag": 1, "change_message": "[{\"added\": {}}]"}}, {"model": "admin.logentry", "pk": 6, "fields": {"action_time": "2019-01-31T13:00:12.237Z", "user": 1, "content_type": 14, "object_id": "4", "object_repr": "3", "action_flag": 1, "change_message": "[{\"added\": {}}]"}}, {"model": "admin.logentry", "pk": 7, "fields": {"action_time": "2019-01-31T13:00:29.295Z", "user": 1, "content_type": 14, "object_id": "5", "object_repr": "4", "action_flag": 1, "change_message": "[{\"added\": {}}]"}}, {"model": "admin.logentry", "pk": 8, "fields": {"action_time": "2019-01-31T13:25:28.268Z", "user": 1, "content_type": 14, "object_id": "4", "object_repr": "3", "action_flag": 2, "change_message": "[{\"changed\": {\"fields\": [\"end_time\"]}}]"}}, {"model": "admin.logentry", "pk": 9, "fields": {"action_time": "2019-01-31T13:25:32.999Z", "user": 1, "content_type": 14, "object_id": "5", "object_repr": "4", "action_flag": 2, "change_message": "[{\"changed\": {\"fields\": [\"end_time\"]}}]"}}, {"model": "admin.logentry", "pk": 10, "fields": {"action_time": "2019-01-31T13:27:07.411Z", "user": 1, "content_type": 14, "object_id": "6", "object_repr": "1", "action_flag": 3, "change_message": ""}}, {"model": "admin.logentry", "pk": 11, "fields": {"action_time": "2019-01-31T13:27:12.765Z", "user": 1, "content_type": 14, "object_id": "5", "object_repr": "4", "action_flag": 3, "change_message": ""}}, {"model": "admin.logentry", "pk": 12, "fields": {"action_time": "2019-01-31T13:27:12.896Z", "user": 1, "content_type": 14, "object_id": "4", "object_repr": "3", "action_flag": 3, "change_message": ""}}, {"model": "admin.logentry", "pk": 13, "fields": {"action_time": "2019-01-31T13:27:13.036Z", "user": 1, "content_type": 14, "object_id": "3", "object_repr": "2", "action_flag": 3, "change_message": ""}}, {"model": "admin.logentry", "pk": 14, "fields": {"action_time": "2019-01-31T13:27:13.167Z", "user": 1, "content_type": 14, "object_id": "2", "object_repr": "1", "action_flag": 3, "change_message": ""}}, {"model": "admin.logentry", "pk": 15, "fields": {"action_time": "2019-01-31T13:38:23.805Z", "user": 1, "content_type": 14, "object_id": "7", "object_repr": "1", "action_flag": 2, "change_message": "[{\"changed\": {\"fields\": [\"start_time\"]}}]"}}, {"model": "admin.logentry", "pk": 16, "fields": {"action_time": "2019-01-31T13:41:39.562Z", "user": 1, "content_type": 14, "object_id": "8", "object_repr": "1", "action_flag": 3, "change_message": ""}}, {"model": "admin.logentry", "pk": 17, "fields": {"action_time": "2019-01-31T13:42:08.739Z", "user": 1, "content_type": 14, "object_id": "9", "object_repr": "2", "action_flag": 1, "change_message": "[{\"added\": {}}]"}}, {"model": "admin.logentry", "pk": 18, "fields": {"action_time": "2019-01-31T13:42:23.271Z", "user": 1, "content_type": 14, "object_id": "10", "object_repr": "3", "action_flag": 1, "change_message": "[{\"added\": {}}]"}}, {"model": "admin.logentry", "pk": 19, "fields": {"action_time": "2019-01-31T13:58:16.624Z", "user": 1, "content_type": 14, "object_id": "10", "object_repr": "3", "action_flag": 3, "change_message": ""}}, {"model": "admin.logentry", "pk": 20, "fields": {"action_time": "2019-01-31T13:58:16.756Z", "user": 1, "content_type": 14, "object_id": "9", "object_repr": "2", "action_flag": 3, "change_message": ""}}, {"model": "admin.logentry", "pk": 21, "fields": {"action_time": "2019-01-31T13:58:16.854Z", "user": 1, "content_type": 14, "object_id": "7", "object_repr": "1", "action_flag": 3, "change_message": ""}}, {"model": "admin.logentry", "pk": 22, "fields": {"action_time": "2019-01-31T14:00:47.132Z", "user": 1, "content_type": 14, "object_id": "11", "object_repr": "1", "action_flag": 2, "change_message": "[{\"changed\": {\"fields\": [\"start_time\"]}}]"}}, {"model": "admin.logentry", "pk": 23, "fields": {"action_time": "2019-02-01T05:24:46.828Z", "user": 1, "content_type": 14, "object_id": "11", "object_repr": "\u0421\u0435\u0437\u043e\u043d: 2019\u0442\u0443\u0440: 1", "action_flag": 2, "change_message": "[{\"changed\": {\"fields\": [\"start_time\", \"supposed_end_time\"]}}]"}}, {"model": "admin.logentry", "pk": 24, "fields": {"action_time": "2019-02-01T06:31:21.208Z", "user": 1, "content_type": 14, "object_id": "12", "object_repr": "\u0421\u0435\u0437\u043e\u043d: 2019\u0442\u0443\u0440: 2", "action_flag": 1, "change_message": "[{\"added\": {}}]"}}, {"model": "admin.logentry", "pk": 25, "fields": {"action_time": "2019-02-01T06:32:09.806Z", "user": 1, "content_type": 14, "object_id": "13", "object_repr": "\u0421\u0435\u0437\u043e\u043d: 2019\u0442\u0443\u0440: 3", "action_flag": 1, "change_message": "[{\"added\": {}}]"}}, {"model": "admin.logentry", "pk": 26, "fields": {"action_time": "2019-02-01T06:32:50.980Z", "user": 1, "content_type": 14, "object_id": "14", "object_repr": "\u0421\u0435\u0437\u043e\u043d: 2019\u0442\u0443\u0440: 4", "action_flag": 1, "change_message": "[{\"added\": {}}]"}}, {"model": "admin.logentry", "pk": 27, "fields": {"action_time": "2019-02-01T06:33:25.780Z", "user": 1, "content_type": 14, "object_id": "12", "object_repr": "\u0421\u0435\u0437\u043e\u043d: 2019\u0442\u0443\u0440: 2", "action_flag": 2, "change_message": "[{\"changed\": {\"fields\": [\"start_time\", \"supposed_end_time\"]}}]"}}, {"model": "admin.logentry", "pk": 28, "fields": {"action_time": "2019-02-01T06:34:56.255Z", "user": 1, "content_type": 10, "object_id": "1", "object_repr": "\u0442\u0443\u0440 \u0421\u0435\u0437\u043e\u043d: 2019 \u0442\u0443\u0440: 1, \u0438\u0433\u0440\u0430: 1, \u0414\u0438\u043d\u0430\u043c\u043e - \u0421\u043f\u0430\u0440\u0442\u0430\u043a", "action_flag": 1, "change_message": "[{\"added\": {}}]"}}, {"model": "admin.logentry", "pk": 29, "fields": {"action_time": "2019-02-01T06:36:32.854Z", "user": 1, "content_type": 10, "object_id": "2", "object_repr": "\u0442\u0443\u0440 \u0421\u0435\u0437\u043e\u043d: 2019 \u0442\u0443\u0440: 1, \u0438\u0433\u0440\u0430: 2, \u0414\u0438\u043d\u0430\u043c\u043e - \u0421\u043f\u0430\u0440\u0442\u0430\u043a", "action_flag": 1, "change_message": "[{\"added\": {}}]"}}, {"model": "admin.logentry", "pk": 30, "fields": {"action_time": "2019-02-01T06:38:11.197Z", "user": 1, "content_type": 10, "object_id": "3", "object_repr": "\u0442\u0443\u0440 \u0421\u0435\u0437\u043e\u043d: 2019 \u0442\u0443\u0440: 1, \u0438\u0433\u0440\u0430: 1, \u0410\u043d\u0436\u0438 - \u0419\u043e\u0443", "action_flag": 1, "change_message": "[{\"added\": {}}]"}}, {"model": "admin.logentry", "pk": 31, "fields": {"action_time": "2019-02-01T06:38:35.988Z", "user": 1, "content_type": 10, "object_id": "4", "object_repr": "\u0442\u0443\u0440 \u0421\u0435\u0437\u043e\u043d: 2019 \u0442\u0443\u0440: 1, \u0438\u0433\u0440\u0430: 2, \u0410\u043d\u0436\u0438 - \u0419\u043e\u0443", "action_flag": 1, "change_message": "[{\"added\": {}}]"}}, {"model": "admin.logentry", "pk": 32, "fields": {"action_time": "2019-02-01T06:53:55.189Z", "user": 1, "content_type": 9, "object_id": "1", "object_repr": "\u0442\u0443\u0440 \u0421\u0435\u0437\u043e\u043d: 2019 \u0442\u0443\u0440: 1, \u0438\u0433\u0440\u0430: 1, \u0414\u0438\u043d\u0430\u043c\u043e - \u0421\u043f\u0430\u0440\u0442\u0430\u043a Goal_Game", "action_flag": 1, "change_message": "[{\"added\": {}}]"}}, {"model": "admin.logentry", "pk": 33, "fields": {"action_time": "2019-02-01T06:54:35.499Z", "user": 1, "content_type": 9, "object_id": "2", "object_repr": "\u0442\u0443\u0440 \u0421\u0435\u0437\u043e\u043d: 2019 \u0442\u0443\u0440: 1, \u0438\u0433\u0440\u0430: 1, \u0414\u0438\u043d\u0430\u043c\u043e - \u0421\u043f\u0430\u0440\u0442\u0430\u043a Goal_Free_Kick", "action_flag": 1, "change_message": "[{\"added\": {}}]"}}, {"model": "admin.logentry", "pk": 34, "fields": {"action_time": "2019-02-01T06:54:51.331Z", "user": 1, "content_type": 9, "object_id": "3", "object_repr": "\u0442\u0443\u0440 \u0421\u0435\u0437\u043e\u043d: 2019 \u0442\u0443\u0440: 1, \u0438\u0433\u0440\u0430: 1, \u0414\u0438\u043d\u0430\u043c\u043e - \u0421\u043f\u0430\u0440\u0442\u0430\u043a Goal_Game", "action_flag": 1, "change_message": "[{\"added\": {}}]"}}, {"model": "admin.logentry", "pk": 35, "fields": {"action_time": "2019-02-01T06:55:19.604Z", "user": 1, "content_type": 9, "object_id": "4", "object_repr": "\u0442\u0443\u0440 \u0421\u0435\u0437\u043e\u043d: 2019 \u0442\u0443\u0440: 1, \u0438\u0433\u0440\u0430: 1, \u0414\u0438\u043d\u0430\u043c\u043e - \u0421\u043f\u0430\u0440\u0442\u0430\u043a Yellow_Card", "action_flag": 1, "change_message": "[{\"added\": {}}]"}}, {"model": "admin.logentry", "pk": 36, "fields": {"action_time": "2019-02-01T07:23:49.517Z", "user": 1, "content_type": 9, "object_id": "5", "object_repr": "\u0442\u0443\u0440 \u0421\u0435\u0437\u043e\u043d: 2019 \u0442\u0443\u0440: 1, \u0438\u0433\u0440\u0430: 1, \u0414\u0438\u043d\u0430\u043c\u043e - \u0421\u043f\u0430\u0440\u0442\u0430\u043a Yellow_Card", "action_flag": 1, "change_message": "[{\"added\": {}}]"}}, {"model": "admin.logentry", "pk": 37, "fields": {"action_time": "2019-02-01T07:26:07.677Z", "user": 1, "content_type": 9, "object_id": "6", "object_repr": "\u0442\u0443\u0440 \u0421\u0435\u0437\u043e\u043d: 2019 \u0442\u0443\u0440: 1, \u0438\u0433\u0440\u0430: 2, \u0414\u0438\u043d\u0430\u043c\u043e - \u0421\u043f\u0430\u0440\u0442\u0430\u043a Goal_Game", "action_flag": 1, "change_message": "[{\"added\": {}}]"}}, {"model": "admin.logentry", "pk": 38, "fields": {"action_time": "2019-02-01T07:26:21.422Z", "user": 1, "content_type": 9, "object_id": "7", "object_repr": "\u0442\u0443\u0440 \u0421\u0435\u0437\u043e\u043d: 2019 \u0442\u0443\u0440: 1, \u0438\u0433\u0440\u0430: 2, \u0414\u0438\u043d\u0430\u043c\u043e - \u0421\u043f\u0430\u0440\u0442\u0430\u043a Goal_Game", "action_flag": 1, "change_message": "[{\"added\": {}}]"}}, {"model": "admin.logentry", "pk": 39, "fields": {"action_time": "2019-02-01T07:26:42.077Z", "user": 1, "content_type": 9, "object_id": "8", "object_repr": "\u0442\u0443\u0440 \u0421\u0435\u0437\u043e\u043d: 2019 \u0442\u0443\u0440: 1, \u0438\u0433\u0440\u0430: 2, \u0414\u0438\u043d\u0430\u043c\u043e - \u0421\u043f\u0430\u0440\u0442\u0430\u043a Goal_Penalty", "action_flag": 1, "change_message": "[{\"added\": {}}]"}}, {"model": "admin.logentry", "pk": 40, "fields": {"action_time": "2019-02-01T07:27:47.673Z", "user": 1, "content_type": 9, "object_id": "9", "object_repr": "\u0442\u0443\u0440 \u0421\u0435\u0437\u043e\u043d: 2019 \u0442\u0443\u0440: 1, \u0438\u0433\u0440\u0430: 2, \u0414\u0438\u043d\u0430\u043c\u043e - \u0421\u043f\u0430\u0440\u0442\u0430\u043a Red_Card", "action_flag": 1, "change_message": "[{\"added\": {}}]"}}, {"model": "admin.logentry", "pk": 41, "fields": {"action_time": "2019-02-01T07:28:00.110Z", "user": 1, "content_type": 9, "object_id": "10", "object_repr": "\u0442\u0443\u0440 \u0421\u0435\u0437\u043e\u043d: 2019 \u0442\u0443\u0440: 1, \u0438\u0433\u0440\u0430: 2, \u0414\u0438\u043d\u0430\u043c\u043e - \u0421\u043f\u0430\u0440\u0442\u0430\u043a Green_Card", "action_flag": 1, "change_message": "[{\"added\": {}}]"}}, {"model": "admin.logentry", "pk": 42, "fields": {"action_time": "2019-02-01T07:34:31.736Z", "user": 1, "content_type": 9, "object_id": "11", "object_repr": "\u0442\u0443\u0440 \u0421\u0435\u0437\u043e\u043d: 2019 \u0442\u0443\u0440: 1, \u0438\u0433\u0440\u0430: 1, \u0410\u043d\u0436\u0438 - \u0419\u043e\u0443 Goal_Game", "action_flag": 1, "change_message": "[{\"added\": {}}]"}}, {"model": "admin.logentry", "pk": 43, "fields": {"action_time": "2019-02-01T07:35:16.047Z", "user": 1, "content_type": 9, "object_id": "12", "object_repr": "\u0442\u0443\u0440 \u0421\u0435\u0437\u043e\u043d: 2019 \u0442\u0443\u0440: 1, \u0438\u0433\u0440\u0430: 1, \u0410\u043d\u0436\u0438 - \u0419\u043e\u0443 Goal_Game", "action_flag": 1, "change_message": "[{\"added\": {}}]"}}, {"model": "admin.logentry", "pk": 44, "fields": {"action_time": "2019-02-01T07:35:38.558Z", "user": 1, "content_type": 9, "object_id": "13", "object_repr": "\u0442\u0443\u0440 \u0421\u0435\u0437\u043e\u043d: 2019 \u0442\u0443\u0440: 1, \u0438\u0433\u0440\u0430: 1, \u0410\u043d\u0436\u0438 - \u0419\u043e\u0443 Green_Card", "action_flag": 1, "change_message": "[{\"added\": {}}]"}}, {"model": "admin.logentry", "pk": 45, "fields": {"action_time": "2019-02-01T07:35:42.169Z", "user": 1, "content_type": 9, "object_id": "13", "object_repr": "\u0442\u0443\u0440 \u0421\u0435\u0437\u043e\u043d: 2019 \u0442\u0443\u0440: 1, \u0438\u0433\u0440\u0430: 1, \u0410\u043d\u0436\u0438 - \u0419\u043e\u0443 Green_Card", "action_flag": 2, "change_message": "[]"}}, {"model": "admin.logentry", "pk": 46, "fields": {"action_time": "2019-02-01T07:35:57.976Z", "user": 1, "content_type": 9, "object_id": "14", "object_repr": "\u0442\u0443\u0440 \u0421\u0435\u0437\u043e\u043d: 2019 \u0442\u0443\u0440: 1, \u0438\u0433\u0440\u0430: 2, \u0410\u043d\u0436\u0438 - \u0419\u043e\u0443 Goal_Game", "action_flag": 1, "change_message": "[{\"added\": {}}]"}}, {"model": "admin.logentry", "pk": 47, "fields": {"action_time": "2019-02-01T07:36:06.129Z", "user": 1, "content_type": 9, "object_id": "15", "object_repr": "\u0442\u0443\u0440 \u0421\u0435\u0437\u043e\u043d: 2019 \u0442\u0443\u0440: 1, \u0438\u0433\u0440\u0430: 2, \u0410\u043d\u0436\u0438 - \u0419\u043e\u0443 Red_Card", "action_flag": 1, "change_message": "[{\"added\": {}}]"}}]